id,losing_streak,paused,created_at,polymarket_proxy_wallet,last_checked,polymarket_username,win_rate,avg_entry_price,realized_pnl,avg_entry_price_live,live_markets,live_picks,force_fetch
94,0,true,2025-12-25 17:53:23.333334+00,0x611c20bf7fdc4e88ec4f0172c99efcaa30d5c982,2025-12-25 21:41:39.398,MistaJenkins,0,,,,0,7,false
95,0,true,2025-12-25 17:53:26.86368+00,0xecce62c703daa9729f54d23ae26c5a194ab2fdb4,2025-12-25 21:41:40.236,schweinerschinkler,0,,,,0,3,false
96,0,true,2025-12-25 17:53:29.211865+00,0x1b62145861bb7afbd2944489fb6b592fc6d37b52,2025-12-25 21:41:41.062,paperliss,0,,,,0,1,false
97,159,true,2025-12-25 17:55:20.241348+00,0xe90bec87d9ef430f27f9dcfe72c34b76967d5da2,2025-12-25 21:51:01.985,,9.782608695652174,,,,0,0,false
98,187,true,2025-12-25 17:55:27.887462+00,0xd38b71f3e8ed1af71983e5c309eac3dfa9b35029,2025-12-25 21:51:23.661,,0,,,,0,0,false
99,42,true,2025-12-25 17:55:34.685753+00,0x2c57db9e442ef5ffb2651f03afd551171738c94d,2025-12-25 21:41:41.875,,0,,,,0,0,false
100,2,true,2025-12-25 17:55:43.206114+00,0x82a1b239e7e0ff25a2ac12a20b59fd6b5f90e03a,2025-12-25 21:51:02.875,,0,,,,0,0,false
101,167,true,2025-12-25 17:55:51.390639+00,0x9b979a065641e8cfde3022a30ed2d9415cf55e12,2025-12-25 21:40:59.528,,4.4692737430167595,,,,0,0,false
102,0,true,2025-12-25 17:55:59.10359+00,0x42592084120b0d5287059919d2a96b3b7acb936f,2025-12-25 21:41:35.34,,0,,,,0,0,false
103,168,true,2025-12-25 17:56:07.512397+00,0x6a72f61820b26b1fe4d956e17b6dc2a1ea3033ee,2025-12-25 21:51:04.584,,0,,,,0,0,false
104,0,true,2025-12-25 17:56:14.229957+00,0x2f09642639aedd6ced432519c1a86e7d52034632,2025-12-25 21:51:25.408,,0,,,,0,0,false
105,0,true,2025-12-25 17:56:21.570607+00,0x2005d16a84ceefa912d4e380cd32e7ff827875ea,2025-12-25 21:41:36.152,,0,,,,0,0,false
106,5,true,2025-12-25 17:56:29.604093+00,0x0f37cb80dee49d55b5f6d9e595d52591d6371410,2025-12-25 21:51:05.489,,16.666666666666664,,,,0,0,false
107,0,true,2025-12-25 17:56:37.447581+00,0xec981ed70ae69c5cbcac08c1ba063e734f6bafcd,2025-12-25 21:51:26.281,,0,,,,0,0,false
108,0,true,2025-12-25 17:56:45.665286+00,0x40471b34671887546013ceb58740625c2efe7293,2025-12-25 21:41:36.963,,0,,,,0,0,false
109,43,true,2025-12-25 17:56:53.914967+00,0x43372356634781eea88d61bbdd7824cdce958882,2025-12-25 21:51:15.376,,20.092915214866434,,,,0,0,false
110,0,true,2025-12-25 17:57:02.055602+00,0x41583f2efc720b8e2682750fffb67f2806fece9f,2025-12-25 21:51:27.15,,0,,,,0,0,false
111,0,true,2025-12-25 17:57:09.738343+00,0x75e765216a57942d738d880ffcda854d9f869080,2025-12-25 21:41:37.773,,0,,,,0,0,false
112,0,true,2025-12-25 17:57:19.113868+00,0xa4b366ad22fc0d06f1e934ff468e8922431a87b8,2025-12-25 21:51:06.331,,0,,,,0,0,false
113,0,true,2025-12-25 17:57:26.93887+00,0x4638d71d7b2d36eb590b5e1824955712dc8ad587,2025-12-25 21:51:27.99,,0,,,,0,0,false
114,0,true,2025-12-25 17:57:34.567208+00,0x7744bfd749a70020d16a1fcbac1d064761c9999e,2025-12-25 21:41:38.59,,0,,,,0,0,false
115,0,true,2025-12-25 17:57:42.629295+00,0xa9b44dca52ed35e59ac2a6f49d1203b8155464ed,2025-12-25 21:51:07.189,,0,,,,0,0,false
116,34,true,2025-12-25 17:57:50.986024+00,0x000d257d2dc7616feaef4ae0f14600fdf50a758e,2025-12-25 21:51:28.833,,51.02040816326531,,,,0,0,false
117,6,true,2025-12-25 17:57:58.941249+00,0x557bed924a1bb6f62842c5742d1dc789b8d480d4,2025-12-25 21:41:21.253,,40,,,,0,0,false
119,39,true,2025-12-25 17:58:15.263589+00,0x3c593aeb73ebdadbc9ce76d4264a6a2af4011766,2025-12-25 21:51:29.705,,7.142857142857142,,,,0,0,false
120,0,true,2025-12-25 18:12:00.881864+00,0x7f3c8979d0afa00007bae4747d5347122af05613,2025-12-26 03:43:09.846,,0,,,,0,13,false
121,0,true,2025-12-25 18:12:17.514636+00,0x1521b47bf0c41f6b7fd3ad41cdec566812c8f23e,2025-12-25 21:42:04.899,,0,,,,0,0,false
122,2,true,2025-12-25 18:12:32.644791+00,0x1489046ca0f9980fc2d9a950d103d3bec02c1307,2025-12-25 21:42:05.75,,0,,,,0,0,false
123,1,true,2025-12-25 18:12:49.148951+00,0x74416687453b92a843de6d05810d6d1a12a15ed5,2025-12-25 21:51:08.027,,57.14285714285714,,,,0,0,false
124,0,true,2025-12-25 18:13:09.31083+00,0xf0d8d8c22d1e80257deebd45706c4c4ec7f168ca,2025-12-26 03:40:30.184,,0,,,,0,9,false
126,0,true,2025-12-25 18:13:37.507614+00,0x5c14eb6a6d5083c003daa8241ed559d2dc82cc49,2025-12-25 21:51:08.968,,61.53846153846154,,,,0,0,false
127,1,true,2025-12-25 18:13:51.501571+00,0x5f176a980de5b25f89f17473e5e8adef565c519e,2025-12-25 21:40:51.935,,66.66666666666666,,,,0,0,false
128,0,true,2025-12-25 18:14:06.164513+00,0x847b8fdacd157191d47c7ccb2aad5c67bbd21027,2025-12-26 03:41:00.925,,0,,,,0,1,false
129,0,true,2025-12-25 18:14:19.822909+00,0x9e875b707889a9d3d240177fcecafb0208bdcaa2,2025-12-26 03:39:24.072,,0,,,,0,3,false
130,0,true,2025-12-25 18:14:34.524574+00,0xb3c801a28cec936dfc105999f142ffdbf1bec1c9,2025-12-26 06:35:32.486,,0,,,,0,55,false
131,0,true,2025-12-25 18:14:48.88149+00,0x6853780d97f233b4fdf1089f2c648f45baad5846,2025-12-26 03:40:57.185,,0,,,,0,1,false
132,0,true,2025-12-25 18:15:02.850306+00,0x3b7ed1242417f4b8f6992b5dd53aa9415a2c23eb,2025-12-26 03:38:46.923,,0,,,,0,14,false
133,1,true,2025-12-25 18:15:18.118894+00,0xe79547fad69ab28a48a49c6424975abc3cef8cae,2025-12-25 21:40:53.635,,0,,,,0,0,false
134,0,true,2025-12-25 18:15:31.20513+00,0xe40ea00e74059c76c0035c919ef6b99c3e25a94d,2025-12-25 21:41:42.687,,0,,,,0,0,false
135,0,true,2025-12-25 18:15:47.79868+00,0xdd08917881cbda78721c6d05a3e6b9ac1aef5ee9,2025-12-26 03:38:35.868,,0,,,,0,2,false
136,0,true,2025-12-25 18:15:59.742065+00,0x63a0f38b9d5a992b22546cb6afe27c88e29a8079,2025-12-25 21:40:54.464,,0,,,,0,0,false
137,19,true,2025-12-25 18:16:10.529658+00,0x2Cf13f5BeB7FC539d6A421a516dBa150b3E54C08,2025-12-25 21:41:43.537,,13.636363636363635,,,,0,0,false
138,0,true,2025-12-25 18:16:25.705525+00,0x333e8f4fb0353ef31cf1a7d00789e1319381369b,2025-12-26 03:39:34.738,,0,,,,0,20,false
139,0,true,2025-12-25 18:16:41.799891+00,0xf910cc50ec0ceecb18a24dee5b9606b5ffa87467,2025-12-25 21:40:55.309,,0,,,,0,0,false
140,0,true,2025-12-25 18:16:53.206998+00,0x05208f3124596026203c69d741dd07d894ef9708,2025-12-26 03:41:07.636,,0,,,,0,1,false
142,3,true,2025-12-25 18:19:47.751416+00,0x2e0b70d482e6b389e81dea528be57d825dd48070,2025-12-25 21:40:56.16,,63.63636363636363,,,,0,0,false
143,8,true,2025-12-25 18:20:03.32054+00,0x388347b80c42a644fd5266171ee72d0440ef6bb0,2025-12-25 21:41:44.353,,57.14285714285714,,,,0,0,false
144,0,true,2025-12-25 18:20:19.238749+00,0x17792fb9f1d740a48b30a15af76725c86dc94822,2025-12-26 03:39:19.389,,0,,,,0,36,false
145,0,true,2025-12-25 18:20:33.745987+00,0xb03b826a4fc9893b35d3ddf4f11be824525b6ca1,2025-12-26 06:35:46.78,,0,,,,0,20,false
146,0,true,2025-12-25 18:20:48.16294+00,0x8964b58c08b784ecfe1d9344223692263d130bec,2025-12-26 03:41:22.795,,0,,,,0,10,false
147,138,true,2025-12-25 18:21:52.534678+00,0x9703676286b93c2eca71ca96e8757104519a69c2,2025-12-25 21:51:09.845,,32.035928143712574,,,,0,0,false
148,0,true,2025-12-25 18:23:35.511157+00,0xd49c4579bbc25d1d1a26a1976c9576d806c98150,2025-12-25 21:40:57.829,,0,,,,0,0,false
150,0,true,2025-12-25 18:25:24.500737+00,0xb75cebbe80b305baeeb125e05d0ee09eb58e2159,2025-12-25 21:51:10.691,,0,,,,0,0,false
152,9,true,2025-12-25 18:25:50.343669+00,0xf29ff5f7b92d821e631ab37ad240a2dabf945cca,2025-12-25 21:41:45.16,,18.181818181818183,,,,0,0,false
153,9,true,2025-12-25 18:26:04.391651+00,0x8e77537e059837d3c2ca5b4efe75e74e9498c4f3,2025-12-25 21:51:11.981,,66.66666666666666,,,,0,0,false
156,0,true,2025-12-25 18:31:49.350855+00,0xbd027484ac08dd72d33de877fdb7b1d1fc59aba7,2025-12-25 21:51:12.825,,0,,,,0,0,false
157,5,true,2025-12-25 18:32:01.58911+00,0x6765c1c000e3b99c7fffea752c561cb868f1fa0d,2025-12-25 21:40:58.694,,52.63157894736842,,,,0,0,false
158,0,true,2025-12-25 18:32:14.559537+00,0x771d7c5ac82ca8776738e2560f6a6e50d34b440e,2025-12-26 06:38:03.754,,0,,,,0,8,false
159,0,true,2025-12-25 18:33:35.827182+00,0x5350afcd8bd8ceffdf4da32420d6d31be0822fda,2025-12-26 03:38:32.872,simonbanza,0,,,,0,2,false
160,7,true,2025-12-25 18:33:39.835308+00,0x0a55f6b56bd976ae3ddfbffc9c2c4b70a0f9f9be,2025-12-25 21:51:13.684,4444Fours,12.5,,,,0,0,false
161,176,true,2025-12-25 18:33:44.783961+00,0xdb27bf2ac5d428a9c63dbc914611036855a6c56e,2025-12-25 21:42:09.092,DrPufferfish,8.585858585858585,,,,0,0,false
162,0,true,2025-12-25 18:35:12.396072+00,0x1bc0d88ca86b9049cf05d642e634836d5ddf4429,2025-12-26 06:35:05.841,212121212121212121212,0,,,,0,7,false
163,2,true,2025-12-25 18:35:16.277786+00,0xbda318d7996bdf1a36f8e557bf38d7abb6a1cab2,2025-12-25 21:51:16.265,0xbda318d7996bDf1a36f8e557bf38d7aBB6a1caB2-1766248799523,0,,,,0,0,false
164,66,true,2025-12-25 18:35:20.000954+00,0xb2e4567925b79231265adf5d54687ddfb761bc51,2025-12-25 21:51:01.071,Cortisfans,1.4925373134328357,,,,0,0,false
165,2,true,2025-12-25 18:35:45.668025+00,0xa49becb692927d455924583b5e3e5788246f4c40,2025-12-25 21:51:17.951,sleepy-panda,0,,,,0,0,false
166,26,true,2025-12-25 18:35:48.652308+00,0xf1ffa0a8bc7cdeb0240027e623b026ced4d0e56a,2025-12-25 21:51:18.797,CcCcChang,0,,,,0,0,false
167,3,true,2025-12-25 18:35:58.433567+00,0x53757615de1c42b83f893b79d4241a009dc2aeea,2025-12-25 21:50:58.498,0x53757615de1c42b83f893b79d4241a009dc2aeea,43.24324324324324,,,,0,0,false
168,0,true,2025-12-25 18:36:27.886272+00,0x8ca8445e5c0dda8dcfeef768c074dbd66b07bf49,2025-12-25 21:51:20.499,dreamerwon,0,,,,0,0,false
169,1,true,2025-12-25 18:36:29.339084+00,0xe73ee729fc8ac69c3ee6ca70dedb3875070574fe,2025-12-25 21:50:59.343,crossfire154,0,,,,0,0,false
170,3,true,2025-12-25 18:36:31.468786+00,0xb889590a2fab0c810584a660518c4c020325a430,2025-12-25 21:51:22.191,Ems123,25,,,,0,0,false
171,81,true,2025-12-25 18:36:35.263358+00,0xc660ae71765d0d9eaf5fa8328c1c959841d2bd28,2025-12-25 21:51:23.023,ChangoChango,0,,,,0,0,false
172,1,true,2025-12-25 18:37:13.180577+00,0xee50a31c3f5a7c77824b12a941a54388a2827ed6,2025-12-25 21:51:23.881,0xafEe,50,,,,0,0,false
173,65,true,2025-12-25 18:37:15.131249+00,0x006cc834cc092684f1b56626e23bedb3835c16ea,2025-12-25 21:51:30.697,0x006cc834Cc092684F1B56626E23BEdB3835c16ea-1729683673397,0,,,,0,0,false
174,81,true,2025-12-25 18:37:39.948331+00,0xef54467264cbc7ae9659e6891d3be20f99afd1ee,2025-12-25 21:51:31.52,Cavs2,0,,,,0,0,false
176,10,true,2025-12-25 18:38:15.006125+00,0xbcc9608ff5481e8452173a2236ffd735fad726fb,2025-12-25 21:51:26.461,210MM,16.666666666666664,,,,0,0,false
177,0,true,2025-12-25 18:38:24.830413+00,0x8c80d213c0cbad777d06ee3f58f6ca4bc03102c3,2025-12-26 03:43:12.387,0x8c80d213c0cbad777d06ee3f58f6ca4bc03102c3,0,,,,0,1,false
178,4,true,2025-12-25 18:38:26.822622+00,0xb7a80bcd1584208877677387145d2227b8a814f8,2025-12-25 21:51:27.313,0xb7A80bCd1584208877677387145d2227b8a814f8-1762798186244,0,,,,0,0,false
179,21,true,2025-12-25 18:38:29.677537+00,0xb3dda8a76f79f132b6f1a4b3c89f47474ea4a7e0,2025-12-25 21:51:28.171,BK9496,0,,,,0,0,false
180,90,true,2025-12-25 18:38:37.87158+00,0x6e82b93eb57b01a63027bd0c6d2f3f04934a752c,2025-12-25 21:51:29.034,0x24357454d8d1a0cc93a6c25fd490467372bc2454,5.208333333333334,,,,0,0,false
181,1,true,2025-12-25 18:39:30.201719+00,0xf98dec26318d00d7863746d6aa2347691ee37adb,2025-12-25 21:51:29.858,0xf98DEc26318D00d7863746D6Aa2347691EE37ADb-1765930953808,0,,,,0,0,false
182,0,true,2025-12-25 18:39:32.363527+00,0x68469ab9009f2783e243a1d0957f4cdd8939b797,2025-12-26 03:38:51.04,jokerfucker,0,,,,0,5,false
183,44,true,2025-12-25 18:39:36.106825+00,0x1d1ade627d0bb0205758580b20d808573e720df6,2025-12-25 21:51:30.707,Pwaddler,2.1739130434782608,,,,0,0,false
184,13,true,2025-12-25 18:39:55.748014+00,0xc65ca4755436f82d8eb461e65781584b8cadea39,2025-12-25 21:51:31.592,LOOKINGBACK,7.142857142857142,,,,0,0,false
185,0,true,2025-12-25 18:40:02.368165+00,0x56687bf447db6ffa42ffe2204a05edaa20f55839,2025-12-25 21:51:06.585,Theo4,0,,,,0,0,false
186,0,true,2025-12-25 18:40:03.830734+00,0x1f2dd6d473f3e824cd2f8a89d9c69fb96f6ad0cf,2025-12-25 21:51:07.424,Fredi9999,0,,,,0,0,false
187,0,true,2025-12-25 18:40:05.371915+00,0x78b9ac44a6d7d7a076c14e0ad518b301b63c6b76,2025-12-25 21:51:08.288,Len9311238,0,,,,0,0,false
188,1,true,2025-12-25 18:40:06.920393+00,0xd235973291b2b75ff4070e9c0b01728c520b0f29,2025-12-25 21:51:09.13,zxgngl,0,,,,0,0,false
189,0,true,2025-12-25 18:40:08.830853+00,0x863134d00841b2e200492805a01e1e2f5defaa53,2025-12-25 21:51:10.52,RepTrump,0,,,,0,0,false
190,0,true,2025-12-25 18:40:10.376184+00,0x8119010a6e589062aa03583bb3f39ca632d9f887,2025-12-25 21:51:11.356,PrincessCaro,0,,,,0,0,false
191,0,true,2025-12-25 18:40:12.06072+00,0xe9ad918c7678cd38b12603a762e638a5d1ee7091,2025-12-25 21:51:12.534,walletmobile,0,,,,0,0,false
192,0,true,2025-12-25 18:40:14.683558+00,0x885783760858e1bd5dd09a3c3f916cfa251ac270,2025-12-25 21:51:13.396,BetTom42,0,,,,0,0,false
193,0,true,2025-12-25 18:40:16.473822+00,0x23786fdad0073692157c6d7dc81f281843a35fcb,2025-12-25 21:51:14.255,mikatrade77,0,,,,0,0,false
194,0,true,2025-12-25 18:40:18.157667+00,0xd0c042c08f755ff940249f62745e82d356345565,2025-12-25 21:51:15.133,alexmulti,0,,,,0,0,false
195,6,true,2025-12-25 18:40:19.746848+00,0x94a428cfa4f84b264e01f70d93d02bc96cb36356,2025-12-25 21:42:04.077,GCottrell93,0,,,,0,0,false
196,0,true,2025-12-25 18:40:23.18433+00,0x16f91db2592924cfed6e03b7e5cb5bb1e32299e3,2025-12-25 21:41:46.794,Jenzigo,0,,,,0,0,false
197,18,true,2025-12-25 18:40:24.802974+00,0x17db3fcd93ba12d38382a0cade24b200185c5f6d,2025-12-25 21:41:47.605,fengdubiying,5.263157894736842,,,,0,0,false
198,0,true,2025-12-25 18:40:33.035541+00,0x033a07b3de5947eab4306676ad74eb546da30d50,2025-12-25 21:41:48.44,RandomGenius,0,,,,0,0,false
199,1,true,2025-12-25 18:40:34.605019+00,0xed2239a9150c3920000d0094d28fa51c7db03dd0,2025-12-25 21:41:49.267,Michie,0,,,,0,0,false
200,0,true,2025-12-25 18:40:36.802528+00,0x343d4466dc323b850e5249394894c7381d91456e,2025-12-25 21:41:50.081,tazcot,0,,,,0,0,false
201,0,true,2025-12-25 18:40:38.379974+00,0x2bf64b86b64c315d879571b07a3b76629e467cd0,2025-12-25 21:41:50.904,BabaTrump,0,,,,0,0,false
202,7,true,2025-12-25 18:40:39.881193+00,0xd7f85d0eb0fe0732ca38d9107ad0d4d01b1289e4,2025-12-25 21:41:51.718,tdrhrhhd,36.36363636363637,,,,0,0,false
203,1,true,2025-12-25 18:40:46.686293+00,0x0562c423912e325f83fa79df55085979e1f5594f,2025-12-25 21:41:52.536,trezorisbest,66.66666666666666,,,,0,0,false
204,0,true,2025-12-25 18:40:48.978174+00,0x7058c8a7cec79010b1927d05837dcf25f1a53505,2025-12-25 21:41:53.371,deetown,0,,,,0,0,false
205,0,true,2025-12-25 18:40:50.52791+00,0xd31a2ea0b5f9a10c2eb78dcc36df016497d5386e,2025-12-25 21:41:54.192,DarthVooncer,0,,,,0,0,false
206,1,true,2025-12-25 18:40:51.988551+00,0x3d1ecf16942939b3603c2539a406514a40b504d0,2025-12-25 21:41:55.018,edenmoon,50,,,,0,0,false
207,2,true,2025-12-25 18:40:54.010622+00,0xba664f999a18dce0aac6af698af434924a24f59d,2025-12-25 21:41:55.832,bizyugo,0,,,,0,0,false
208,4,true,2025-12-25 18:40:57.01876+00,0x2728d99b2405a52db60160837e130b3ba3c1a83c,2025-12-25 21:41:56.652,WindWalk3,0,,,,0,0,false
209,10,true,2025-12-25 18:40:59.749549+00,0x56813812fc837eedb614d8c231787f83a865e113,2025-12-25 21:41:57.471,setsukoworldchampion2027,0,,,,0,0,false
210,0,true,2025-12-25 18:41:05.282536+00,0xdbade4c82fb72780a0db9a38f821d8671aba9c95,2025-12-26 03:40:50.323,SwissMiss,0,,,,0,14,false
211,0,true,2025-12-25 18:41:13.405778+00,0x124f7b74916d41460dc3dfefa0e5ef4b14783661,2025-12-25 21:41:22.067,Mlemnonny123,0,,,,0,0,false
212,32,true,2025-12-25 18:41:15.242172+00,0x8b5a7da2fdf239b51b9c68a2a1a35bb156d200f2,2025-12-25 21:41:22.905,Joe-Biden,20,,,,0,0,false
213,2,true,2025-12-25 18:41:35.121326+00,0xce71bed9dd1418abc34d244730879d795e8683bc,2025-12-25 21:41:24.584,tutrucks,50,,,,0,0,false
214,0,true,2025-12-25 18:41:39.842487+00,0x758b3e0b0026bfa8491ea550e98614ce297c4bfb,2025-12-25 21:41:25.398,0x758B3e0B0026bfa8491Ea550e98614cE297C4bFB-1764612936823,0,,,,0,0,false
215,10,true,2025-12-25 18:41:47.68039+00,0x1f1d38f54a615d1c43c77e3b109bd01f56e163d9,2025-12-25 21:41:26.23,Sandra.rachkova,8.333333333333332,,,,0,0,false
216,0,true,2025-12-25 18:41:52.793824+00,0x051b16ffac0f10a8df96b93cc03facce011ea5e5,2025-12-25 21:41:27.045,SVN88,0,,,,0,0,false
217,0,true,2025-12-25 18:41:54.325367+00,0x8861f0bb5e0c19474ba73beeadc13ed8915beed6,2025-12-26 06:36:16.397,yjcr,0,,,,0,4,false
218,13,true,2025-12-25 18:41:56.956091+00,0x275575bb11522eb29f82fe0a601d7c4dc94b5016,2025-12-25 21:41:28.694,zerosmart,35,,,,0,0,false
219,2,true,2025-12-25 18:42:06.902633+00,0x73f8dd50a114884493dbf4a5ea1503f96f348234,2025-12-25 21:41:29.564,DrillBabyDrill,0,,,,0,0,false
220,3,true,2025-12-25 18:42:09.131553+00,0xf9f5581d4d7a599b8e2f8d1b1b0e29ca0218227a,2025-12-25 21:41:30.381,Alhambra1,0,,,,0,0,false
221,0,true,2025-12-25 18:42:12.060837+00,0x64f8d315efd2d03897a03985fc42719f56952daa,2025-12-25 21:41:31.198,JulianP,0,,,,0,0,false
222,5,true,2025-12-25 18:42:13.562772+00,0xdb8d7baf8a05fb0d36f7405a64a37255752e5a52,2025-12-25 21:41:32.033,0xdb8d7baf8a05fb0d36f7405a64a37255752e5a52,16.666666666666664,,,,0,0,false
223,3,true,2025-12-25 18:42:17.102787+00,0xaaab8bf3bd469688d5e09bffeae8f8bf780a8eb2,2025-12-25 21:41:32.87,022221,0,,,,0,0,false
224,3,true,2025-12-25 18:42:30.134218+00,0xd2c5d404493dc772fde0990a61e64ef1120079a0,2025-12-25 21:41:33.684,row888,0,,,,0,0,false
225,2,true,2025-12-25 18:42:33.021792+00,0x145c5dad6033a1de0930dc1ec9ae107fc61f43bc,2025-12-25 21:41:34.509,0x145c5DaD6033A1de0930DC1EC9aE107Fc61f43bC-1760209520925,0,,,,0,0,false
226,0,true,2025-12-25 18:42:35.687503+00,0x02d5f92b780ec7c98d7ad0624ff017f7ae4688c7,2025-12-25 21:41:58.293,hominylute,0,,,,0,0,false
227,0,true,2025-12-25 18:42:37.232227+00,0x8453f6aa62cba5e5302f501849ffaf83dff2ecc3,2025-12-25 21:41:59.116,nfl25,0,,,,0,0,false
228,2,true,2025-12-25 18:42:38.690495+00,0x1f9b00b2d61b0915e6019d2f2a7bde8888193d2c,2025-12-25 21:41:19.587,shtringo,0,,,,0,0,false
229,12,true,2025-12-25 18:42:41.804702+00,0x1070ee77f3d191241ccc716d0f9c2654343c9124,2025-12-25 21:41:00.35,KimballDavies,0,,,,0,0,false
230,0,true,2025-12-25 18:42:46.983214+00,0x60c58f40b05649f76b82b71b29200c20b9251c09,2025-12-26 03:39:36.441,xxuoops,0,,,,0,1,false
231,0,true,2025-12-25 18:42:49.595145+00,0xe5c8026239919339b988fdb150a7ef4ea196d3e7,2025-12-26 03:40:42.162,bama124,0,,,,0,1,false
232,0,true,2025-12-25 18:42:51.487487+00,0x03626d34381b0337387b0e8464c898f772009661,2025-12-25 21:42:06.57,Axios,0,,,,0,0,false
233,0,true,2025-12-25 18:42:53.021277+00,0xe4e2b203b9d50dacc3e640e319df8b999164f26c,2025-12-25 21:41:01.168,Ch5,0,,,,0,0,false
234,9,true,2025-12-25 18:42:54.605596+00,0xd3989ba133ab48b5b3a81e3dba9b37b5966a46d7,2025-12-25 21:41:02.003,semi,10,,,,0,0,false
235,0,true,2025-12-25 18:42:55.889312+00,0x7c60a779485e7cd6eb6c4e25b79e0b92de3ab19c,2025-12-26 03:39:48.684,,0,,,,0,23,false
236,0,true,2025-12-25 18:43:01.453202+00,0x6af75d4e4aaf700450efbac3708cce1665810ff1,2025-12-25 21:41:02.832,gopfan,0,,,,0,0,false
237,6,true,2025-12-25 18:43:03.552471+00,0xaaef789cc9037967f64f780d72f00d52277c472a,2025-12-25 21:41:03.697,BryanPunishMK22,33.33333333333333,,,,0,0,false
238,0,true,2025-12-25 18:43:08.026753+00,0xf22074c8ea28a3c4567051736344403c52791c08,2025-12-25 21:41:04.526,yyyy6,0,,,,0,0,false
239,0,true,2025-12-25 18:43:09.928612+00,0x2f4e6de5b3392973f1af5a2016c20323e217fb86,2025-12-26 03:40:16.26,,0,,,,0,4,false
240,7,true,2025-12-25 18:43:10.606058+00,0x75049bd489194be19c45c31ed311e556411c9c69,2025-12-25 21:41:20.429,ro0k,0,,,,0,0,false
241,0,true,2025-12-25 18:43:17.174409+00,0xd205ced392d30c050e42b0fe0a08787b7583859a,2025-12-25 21:41:05.381,NotGambid,0,,,,0,0,false
242,0,true,2025-12-25 18:43:18.772297+00,0x5a181dcf3eb53a09fb32b20a5a9312fb8d26f689,2025-12-25 21:41:06.21,chilling,0,,,,0,0,false
243,29,true,2025-12-25 18:43:20.345289+00,0xde242261bcd8d4320113f12230da34d705ca25a8,2025-12-25 21:41:07.041,PolymaREKT,0,,,,0,0,false
244,16,true,2025-12-25 18:43:31.55777+00,0xfffe4013adfe325c6e02d36dc66e091f5476f52c,2025-12-25 21:41:07.871,therealbatman,0,,,,0,0,false
245,0,true,2025-12-25 18:43:37.180793+00,0xdd4912de64fdf265faf065ae0be43d23003fca83,2025-12-26 03:40:40.33,,0,,,,0,1,false
246,2,true,2025-12-25 18:43:54.955426+00,0x0b388a2bbe90eef243b30758eb5592af4dc0171f,2025-12-25 21:41:08.721,,0,,,,0,0,false
247,0,true,2025-12-25 18:44:08.828713+00,0xa70f15faa4cb4c186052dc90270e80a426b1e9df,2025-12-25 21:41:09.56,,0,,,,0,0,false
248,0,true,2025-12-25 18:44:21.399759+00,0x5f377726f6de4d8085b11ecb71ce08d2462befcf,2025-12-26 03:40:19.799,,0,,,,0,3,false
249,1,true,2025-12-25 18:44:35.237344+00,0xb5d5e411bb102f64b355e0420463dd4816bdb697,2025-12-25 21:41:10.404,,50,,,,0,0,false
250,0,true,2025-12-25 18:44:48.74224+00,0x7e6e3620156f1888e6b14b0cd2c8020bdf6b98d2,2025-12-26 03:39:39.33,,0,,,,0,2,false
251,0,true,2025-12-25 18:45:02.009248+00,0xae12c309274d9623b247a509c67ca929c8facbd0,2025-12-26 03:40:37.503,,0,,,,0,2,false
252,0,true,2025-12-25 18:45:15.932925+00,0xC6eafD2A0aF4cd8783BDEB469AaF7C9961C0CD6A,2025-12-26 03:40:03.887,,0,,,,0,13,false
253,7,true,2025-12-25 18:45:29.516879+00,0x111ebadb5b678e8f62a5b72792f23d6f20ef3753,2025-12-25 21:41:11.245,,58.82352941176471,,,,0,0,false
254,3,true,2025-12-25 18:45:41.50852+00,0xe299d97107b1f7dfdfd9da4990e1dadd646334cd,2025-12-25 21:41:12.131,,40,,,,0,0,false
255,0,true,2025-12-25 18:45:53.853626+00,0x3e82ee576fc88f620ac88006cc736f254d1b17c7,2025-12-25 21:41:12.956,,40,,,,0,0,false
256,3,true,2025-12-25 18:46:06.503607+00,0xb521e16439501b1aa363ab0b6a695d93c17034ae,2025-12-25 21:41:13.785,,57.14285714285714,,,,0,0,false
257,2,true,2025-12-25 18:46:20.078569+00,0x0d2ea4f8d00f92e280b107e3c87f9dc9b05cf1a2,2025-12-25 21:41:14.619,,60,,,,0,0,false
258,0,true,2025-12-25 18:46:35.48652+00,0x108b587527370bfc1dc7e4f3d44245ee332bff4e,2025-12-25 21:41:15.427,,0,,,,0,0,false
259,6,true,2025-12-25 18:46:46.807352+00,0x43cc0c44ac7872fae39cf72b0334ae6eee549211,2025-12-25 21:41:16.257,,64,,,,0,0,false
261,0,true,2025-12-25 18:52:07.426262+00,0xa3e961ce67034afb60cbdd862df04db6f37b1279,2025-12-26 03:40:10.996,,0,,,,0,1,false
262,59,true,2025-12-25 18:52:18.481815+00,0x08458f7e9d2858027de579e4c3ca305475496b6f,2025-12-25 21:41:17.085,,50.68493150684932,,,,0,0,false
263,0,true,2025-12-25 18:52:30.215943+00,0x4518b0847bdf19e357e818575cced1ff024a7180,2025-12-26 03:40:34.465,,0,,,,0,1,false
264,25,true,2025-12-25 18:52:45.174486+00,0xF8fD48b445f480721d069131Dcd1aC3A53364373,2025-12-25 21:41:17.916,,3.8461538461538463,,,,0,0,false
265,2,true,2025-12-25 18:52:58.06887+00,0x60722ec70fb8d8b616aaa4ce627f3b324ddca182,2025-12-25 21:41:18.755,,33.33333333333333,,,,0,0,false
266,39,true,2025-12-25 18:53:11.652524+00,0xdcc9d68a4bad9fc8becd27a03ee5b2b4feda4534,2025-12-25 21:42:07.43,,26.41509433962264,,,,0,0,false
267,0,true,2025-12-25 18:53:24.922283+00,0x89cd944aa9cf528142e3557099c6992eb7ce4d7d,2025-12-26 03:43:20.827,,0,,,,0,5,false
268,0,true,2025-12-25 18:53:38.100353+00,0x6ca81ba804430c82a7be978E57c550a0b701D776,2025-12-25 21:42:08.26,,0,,,,0,0,false
269,29,true,2025-12-25 21:35:24.573235+00,0x18d12d50db693ea3258edaa721c8ffa6eb7bdbcb,2025-12-25 21:42:02.412,moje999,0,,,,0,0,false
270,2,true,2025-12-25 21:35:43.063339+00,0xcd62d46a3cab3155418370c5a97616f61ee08acf,2025-12-25 21:42:12.445,mymy111,0,,,,0,0,false
271,0,true,2025-12-25 21:36:13.780893+00,0xdd8184551f4b3fca3fc780d4d1c6342d7c2d9640,2025-12-25 21:42:13.277,thechainsmokers,0,,,,0,0,false
273,0,true,2025-12-25 21:51:02.904437+00,0xd1c769317bd15de7768a70d0214cf0bbcc531d2b,2025-12-25 22:31:32.643,,0,,,,0,0,false
274,4,true,2025-12-25 21:51:16.863049+00,0x29978facc899668e4972a6a21b73aff0a8bc6c34,2025-12-25 22:31:37.332,,0,,,,0,0,false
275,0,true,2025-12-25 21:51:33.929524+00,0xCB3143ee858E14d0B3FE40fFeaEa78416e646B0,2025-12-26 03:41:26.484,,0,,,,0,0,false
276,0,true,2025-12-25 21:51:47.220235+00,0x8debd189ffd74160f25e367bafaed61a9fea7062,2025-12-26 03:41:32.92,,0,,,,0,11,false
278,7,true,2025-12-25 21:52:10.768223+00,0x2fbccc3918a358ef674854dbd4bbd89b896ef944,2025-12-25 22:29:57.876,,0,,,,0,0,false
279,4,true,2025-12-25 21:52:29.462682+00,0xb071638af8112214be9b687e19a60646a6ced064,2025-12-25 22:30:03.85,,33.33333333333333,,,,0,0,false
280,0,true,2025-12-25 21:52:42.553828+00,0x8055ae09bfeeac2f46dffe254cc1868f2df444c4,2025-12-25 22:30:11.151,,60,,,,0,0,false
281,2,true,2025-12-25 21:53:15.206426+00,0x8de674db0dfe57e85594a32c06b94703d2842938,2025-12-25 22:30:19.175,,60,,,,0,0,false
282,14,true,2025-12-25 21:53:27.292777+00,0x204e14f11a08a465479e437b0e37b7e9e0358d08,2025-12-25 22:30:26.274,,0,,,,0,0,false
283,0,true,2025-12-25 21:53:40.958654+00,0x05c5aab002faa347cffcab3e557231bb574873e1,2025-12-25 22:30:28.784,,0,,,,0,0,false
284,0,true,2025-12-25 21:53:54.754774+00,0x49cd41c041284f2cb2fcf176265c769458c495e8,2025-12-25 22:30:30.448,,0,,,,0,0,false
285,0,false,2025-12-25 21:54:09.700863+00,0xf121a7213ff5853a8a46231e6aa2002cc708254b,2025-12-26 10:15:43.244,,100,,,,0,3,false
286,1,true,2025-12-25 21:54:22.148008+00,0x2c18fc1449d5fb66217484f0ca3f97d0c7373570,2025-12-25 22:30:37.319,,0,,,,0,0,false
287,7,true,2025-12-25 21:54:35.401157+00,0x12e818bc36f87f0cccaac0998a47053dfd3b0d42,2025-12-25 22:30:43.85,,22.22222222222222,,,,0,0,false
288,0,true,2025-12-25 22:00:09.965191+00,0x8a091656e5f4c6bc4fdf37b2585be0235f68e317,2025-12-26 03:42:52.356,,0,,,,0,7,false
289,0,true,2025-12-25 22:00:26.525885+00,0xe55108581aec68af7686bd4cbc4f53ef93680a67,2025-12-25 22:30:53.231,,0,,,,0,0,false
291,0,true,2025-12-25 22:00:52.036126+00,0x3928faf6e1bd6763ee13e89aca1cff401e9515e4,2025-12-25 22:30:56.954,,0,,,,0,0,false
292,1,true,2025-12-25 22:01:07.400802+00,0x2f4ad5b6f519118f3d968fbbdbe5c6a7b9227c9f,2025-12-25 22:30:59.298,,66.66666666666666,,,,0,0,false
294,0,true,2025-12-25 22:01:37.971135+00,0x257d71e51f9dade281d66dd2c0c9ff8ef67c6c6b,2025-12-26 03:42:56.269,,0,,,,0,1,false
295,0,true,2025-12-25 22:01:49.431525+00,0x2708cf50cf98f55a4b593688468f7b6c7838505b,2025-12-25 22:31:07.712,,0,,,,0,0,false
296,3,true,2025-12-25 22:02:04.697738+00,0x5c23dead9ecf271448411096f349133e0bb9c465,2025-12-25 22:31:11.083,,20,,,,0,0,false
297,2,true,2025-12-25 22:02:15.749187+00,0x22292decebf2e9146b27fe59404d162447ea6bf8,2025-12-25 22:31:14.535,,0,,,,0,0,false
298,0,true,2025-12-25 22:02:27.818016+00,0x81c2d263673d128c01e8bf72b9688835448d9ff3,2025-12-25 22:31:17.099,,0,,,,0,0,false
299,1,true,2025-12-25 22:02:41.691954+00,0xf6d8740258bed8a6b361a7c99baa5767a385a5ff,2025-12-25 22:31:19.95,,0,,,,0,0,false
300,0,true,2025-12-25 22:02:53.605012+00,0x91996195263d04f0256a6717a69413abcec30269,2025-12-26 03:42:59.139,,0,,,,0,4,false
301,0,true,2025-12-25 22:03:05.246394+00,0xcb1960ef554de252f9aac13b32dff1b4761c16cc,2025-12-26 03:43:02.615,,0,,,,0,3,false
302,0,true,2025-12-25 22:03:16.684798+00,0x4d49acb0ae1c463eb5b1947d174141b812ba7450,2025-12-25 22:31:29.867,,0,,,,0,0,false
304,0,true,2025-12-25 22:03:43.155798+00,0x05756d4e385594df3a6979e0c635c226ef447eeb,2025-12-26 03:41:35.723,,0,,,,0,0,false
308,0,true,2025-12-25 22:10:18.754864+00,0x184e98eb1d39dfb9e7750e860512a9adbcbecf96,2025-12-26 03:41:40.215,,0,,,,0,1,false
313,0,true,2025-12-25 22:11:17.567162+00,0xf5c49ad254b1d53ea0b86fb285dd3f11dc800926,2025-12-26 03:41:45.563,,0,,,,0,2,false
317,0,true,2025-12-25 22:12:05.415144+00,0x9e9a44961a17a6ab3815e4cd6bb0be51bce3a9a8,2025-12-26 03:42:04.567,,0,,,,0,36,false
318,0,true,2025-12-25 22:12:19.685837+00,0xd4d3eb2be45770e403b7c6a084a46c0f41ca9b5d,2025-12-26 03:42:08.456,,0,,,,0,1,false
319,0,true,2025-12-25 22:12:32.011286+00,0x2d4e0f5894b12095a3e8db64c3f206cf49eed609,2025-12-26 03:42:12.124,,0,,,,0,5,false
320,0,true,2025-12-25 22:12:43.976937+00,0xdd5cc0a31573fc60a279577b80f00f27a32f0c2a,2025-12-26 03:42:44.88,,0,,,,0,24,false
321,0,true,2025-12-25 22:12:54.893937+00,0x1bfd792c102c75d3c41c954d058355a796ee40d0,2025-12-26 03:43:26.312,,0,,,,0,2,false
322,0,true,2025-12-25 22:13:07.010001+00,0x4d4d23695ff2fc39332eb3bf1aa1d1d6a588b3f4,2025-12-26 03:43:35.096,,0,,,,0,10,false
323,0,true,2025-12-25 22:13:20.02652+00,0x09e3835d39e097ec0011824fbf647ff032a748ac,2025-12-26 03:44:01.258,,0,,,,0,28,false
324,0,true,2025-12-25 22:13:31.30775+00,0x316994394b3675ead48b2a8eb68daaab7b1a21b4,2025-12-26 03:44:06.634,,0,,,,0,0,false
325,0,true,2025-12-25 22:13:43.123083+00,0x5ad807b14c8277f00d526cafe1d13cc28d4393b6,2025-12-26 03:44:38.824,,0,,,,0,21,false
327,0,true,2025-12-25 22:14:08.730017+00,0x7c873c11e40ceaaba6385322d49f565b66659bd4,2025-12-26 03:45:12.005,,0,,,,0,65,false
328,0,true,2025-12-25 22:14:21.075223+00,0x802928b95f6abf16c8436ff50df3c2cba5c8bafc,2025-12-26 03:45:18.087,,0,,,,0,0,false
329,0,true,2025-12-25 22:14:34.928883+00,0x0ea14dd6fcc83e41c91fd94db1597927d2bc584c,2025-12-26 03:45:22.052,,0,,,,0,0,false
330,611,true,2025-12-25 22:15:53.464585+00,0x16b29c50f2439faf627209b2ac0c7bbddaa8a881,2025-12-26 03:59:27.186,SeriouslySirius,0,,,,0,1078,false
331,0,true,2025-12-25 22:26:11.691036+00,0xcd9bc2939f0dac121f6ccde59cca5e0b6a91414d,2025-12-26 03:59:30.535,BITCOINTO500K,0,,,,0,0,false
332,0,true,2025-12-26 03:05:08.435385+00,0x9c16127eccf031df45461ef1e04b52ea286a09cb,2025-12-26 03:59:39.144,Vanchalkenstein,0,,,,0,4,false
333,0,true,2025-12-26 03:05:19.644236+00,0xabb89972b21b304c1bed2bf26f35c8741ac9bba3,2025-12-26 03:59:55.061,Feromont,0,,,,0,33,false
334,0,true,2025-12-26 03:05:41.296843+00,0xf23c454838ddf6812dcf758ca81f12ca29c7ad58,2025-12-26 03:59:56.919,mavenico44,0,,,,0,1,false
335,0,true,2025-12-26 03:05:45.298584+00,0xff7a60d840941f4a93aef4f2f8038b72bfea4c4c,2025-12-26 04:00:03.07,StupidHawks,0,,,,0,5,false
336,875,true,2025-12-26 03:05:53.109158+00,0x97317409bfd9e992611596acee93e8b938019b35,2025-12-26 07:37:32.447,BlindOrangutan,0,,,,0,1379,false
337,0,true,2025-12-26 03:20:33.11584+00,0xaefeb1f121eeccc9b3a2d2283139cc93a08a1e4a,2025-12-26 07:37:36.877,123ComeBack456,0,,,,0,5,false
338,6,true,2025-12-26 03:20:42.815841+00,0x1117eade222413335b7ec959e5b48c1d3dbc3532,2025-12-26 08:59:06.776,benwyatt,0,,,,0,186,false
339,0,true,2025-12-26 06:06:43.936679+00,0x33f6d97080e5215eb2cf679531496ace0330e0de,2025-12-26 07:21:05.02,bowuMue21,0,,,,0,2,false
341,0,true,2025-12-26 06:06:45.014137+00,0xee613b3fc183ee44f9da9c05f53e2da107e3debf,2025-12-26 07:21:35.119,sovereign2013,0,,,,0,37,false
342,0,true,2025-12-26 06:06:48.388315+00,0x507e52ef684ca2dd91f90a9d26d149dd3288beae,2025-12-26 07:23:12.647,GamblingIsAllYouNeed,0,,,,0,120,false
344,0,true,2025-12-26 07:11:54.623456+00,0xfcbecc7e5186e88e03445b81f593685d62828f44,2025-12-26 07:21:06.47,,0,,,,0,0,false
345,0,true,2025-12-26 07:12:25.092225+00,0x0f8a7eb19e45234bb81134d1f2af474b69fbfd8d,2025-12-26 07:21:44.03,,0,,,,0,2,false
346,0,true,2025-12-26 07:13:06.927707+00,0xd5ccdf772f795547e299de57f47966e24de8dea4,2025-12-26 07:23:17.384,,0,,,,0,5,false
347,0,true,2025-12-26 07:13:14.052069+00,0xb3e6f092d890fd935ee2e18595aaad8af7fb3218,2025-12-26 08:56:44.179,,0,,,,0,6,false
348,0,true,2025-12-26 07:13:21.947496+00,0x1d448f4357ec0a680ec4af0b192e3b98cc93b144,2025-12-26 07:21:41.047,,0,,,,0,12,false
349,0,true,2025-12-26 07:13:29.665716+00,0x4f51bd37e0674d7194ed9a310dc19322822d695c,2025-12-26 07:23:23.231,,0,,,,0,13,false
350,0,true,2025-12-26 07:13:38.295211+00,0xf7850ebb60c10d5375fff6e596d55b69fdec05ed,2025-12-26 08:56:45.691,,0,,,,0,0,false
351,0,true,2025-12-26 07:13:45.594308+00,0x989b67c86daa5675c2a7d0ee4107d2a38f628ef3,2025-12-26 07:23:25.28,,0,,,,0,0,false
353,0,true,2025-12-26 07:20:06.080412+00,0xbf42b711fe4dae59c49045bb81ad8b68ad82d698,2025-12-26 07:23:31.502,0xBf42b711FE4DAe59C49045BB81aD8B68ad82D698-1766141281494,0,,,,0,8,false
355,0,true,2025-12-26 10:15:26.781602+00,0x310f6937ed43dfb00722198ff787ca4a61fc4e42,2025-12-26 10:15:47.815,TopGleaguePicks,0,,,,0,4,false
